{
  "spec/active_record_postgres_variables_spec.rb": 0.023920059204101562,
  "spec/integration/error_handling_spec.rb": 0.3332538604736328,
  "spec/integration/formats_handling_spec.rb": 0.12213373184204102,
  "spec/integration/responders_spec.rb": 0.08405590057373047,
  "spec/integration/scopes_spec.rb": 0.19754672050476074,
  "spec/integration/settings_endpoint_spec.rb": 0.5817952156066895,
  "spec/integration/singleton_settings_endpoint_spec.rb": 0.4526529312133789,
  "spec/integration/uptime_spec.rb": 0.0572819709777832,
  "spec/integration/v2/branches_spec.rb": 0.052195072174072266,
  "spec/integration/v2/builds_spec.rb": 1.5728702545166016,
  "spec/integration/v2/hooks_spec.rb": 0.09815311431884766,
  "spec/integration/v2/jobs_spec.rb": 3.8219776153564453,
  "spec/integration/v2/repositories_spec.rb": 5.823322772979736,
  "spec/integration/v2/requests_spec.rb": 0.43348217010498047,
  "spec/integration/v2/settings/env_vars_spec.rb": 0.5287103652954102,
  "spec/integration/v2/settings/ssh_key_spec.rb": 0.33263206481933594,
  "spec/integration/v2/users_spec.rb": 0.0388638973236084,
  "spec/integration/version_spec.rb": 0.05513811111450195,
  "spec/lib/github/oauth_spec.rb": 0.09799504280090332,
  "spec/lib/model/annotation_provider_spec.rb": 0.15787506103515625,
  "spec/lib/model/annotation_spec.rb": 0.12165355682373047,
  "spec/lib/model/broadcast_spec.rb": 0.5589334964752197,
  "spec/lib/model/build/config/dist_spec.rb": 0.030022144317626953,
  "spec/lib/model/build/config/group_spec.rb": 0.006474018096923828,
  "spec/lib/model/build/config/matrix_spec.rb": 0.005010843276977539,
  "spec/lib/model/build/config/obfuscate_spec.rb": 4.069464445114136,
  "spec/lib/model/build/config_spec.rb": 0.02664470672607422,
  "spec/lib/model/build/denormalize_spec.rb": 0.4994795322418213,
  "spec/lib/model/build/matrix_spec.rb": 7.891994953155518,
  "spec/lib/model/build/metrics_spec.rb": 0.0035321712493896484,
  "spec/lib/model/build/result_message_spec.rb": 0.09639167785644531,
  "spec/lib/model/build/states_spec.rb": 0.2178032398223877,
  "spec/lib/model/build/update_branch_spec.rb": 3.0787482261657715,
  "spec/lib/model/build_spec.rb": 12.6473970413208,
  "spec/lib/model/commit_spec.rb": 0.035097360610961914,
  "spec/lib/model/encrypted_column_spec.rb": 0.03982686996459961,
  "spec/lib/model/job/queue_spec.rb": 0.27854061126708984,
  "spec/lib/model/job/test_spec.rb": 3.0368852615356445,
  "spec/lib/model/job_spec.rb": 21.726750373840332,
  "spec/lib/model/organization_spec.rb": 0.033591270446777344,
  "spec/lib/model/permission_spec.rb": 0.12152695655822754,
  "spec/lib/model/repository/settings/ssh_key_spec.rb": 0.08341097831726074,
  "spec/lib/model/repository/settings_spec.rb": 0.5274591445922852,
  "spec/lib/model/repository/status_image_spec.rb": 1.5286407470703125,
  "spec/lib/model/repository_spec.rb": 11.418978452682495,
  "spec/lib/model/request_spec.rb": 0.1183464527130127,
  "spec/lib/model/ssl_key_spec.rb": 12.60619568824768,
  "spec/lib/model/token_spec.rb": 0.018777132034301758,
  "spec/lib/model/url_spec.rb": 0.052031755447387695,
  "spec/lib/model/user/oauth_spec.rb": 0.07826757431030273,
  "spec/lib/model/user_spec.rb": 3.7702741622924805,
  "spec/lib/schedulers/schedule_cron_jobs_spec.rb": 0.32935094833374023,
  "spec/lib/services/find_admin_spec.rb": 0.02371525764465332,
  "spec/lib/services/find_annotation_spec.rb": 0.16863226890563965,
  "spec/lib/services/find_branch_spec.rb": 0.48079466819763184,
  "spec/lib/services/find_branches_spec.rb": 0.5875113010406494,
  "spec/lib/services/find_build_spec.rb": 0.60823655128479,
  "spec/lib/services/find_builds_spec.rb": 3.7710862159729004,
  "spec/lib/services/find_caches_spec.rb": 0.038797855377197266,
  "spec/lib/services/find_hooks_spec.rb": 0.1977827548980713,
  "spec/lib/services/find_job_spec.rb": 0.61236572265625,
  "spec/lib/services/find_jobs_spec.rb": 1.2050940990447998,
  "spec/lib/services/find_log_spec.rb": 0.009377717971801758,
  "spec/lib/services/find_repo_key_spec.rb": 3.774886131286621,
  "spec/lib/services/find_repo_settings_spec.rb": 0.15353918075561523,
  "spec/lib/services/find_repo_spec.rb": 0.08151793479919434,
  "spec/lib/services/find_repos_spec.rb": 2.6659128665924072,
  "spec/lib/services/find_request_spec.rb": 0.04898214340209961,
  "spec/lib/services/find_requests_spec.rb": 0.3903794288635254,
  "spec/lib/services/find_user_accounts_spec.rb": 0.3162243366241455,
  "spec/lib/services/next_build_number_spec.rb": 0.07447624206542969,
  "spec/lib/services/regenerate_repo_key_spec.rb": 0.03665590286254883,
  "spec/lib/services/remove_log_spec.rb": 0.7222175598144531,
  "spec/lib/services/sync_user_spec.rb": 0.011521100997924805,
  "spec/lib/services/update_annotation_spec.rb": 0.41216325759887695,
  "spec/lib/services/update_hook_spec.rb": 0.03624224662780762,
  "spec/lib/services/update_job_spec.rb": 10.790380954742432,
  "spec/lib/services/update_user_spec.rb": 0.006143808364868164,
  "spec/lib/services_spec.rb": 0.023037433624267578,
  "spec/lib/travis/config_spec.rb": 0.30896735191345215,
  "spec/lib/travis/remote_log_spec.rb": 0.3219900131225586,
  "spec/unit/access_token_spec.rb": 2.0269153118133545,
  "spec/unit/app_spec.rb": 0.0026421546936035156,
  "spec/unit/attack_spec.rb": 0.009571552276611328,
  "spec/unit/cors_spec.rb": 0.07824993133544922,
  "spec/unit/default_spec.rb": 0.02880406379699707,
  "spec/unit/endpoint/accounts_spec.rb": 0.02932906150817871,
  "spec/unit/endpoint/authorization/user_manager_spec.rb": 0.15282988548278809,
  "spec/unit/endpoint/authorization_spec.rb": 0.3553342819213867,
  "spec/unit/endpoint/builds_spec.rb": 0.0716102123260498,
  "spec/unit/endpoint/jobs_spec.rb": 0.35978078842163086,
  "spec/unit/endpoint/lint_spec.rb": 0.028746843338012695,
  "spec/unit/endpoint/logs_spec.rb": 0.011435985565185547,
  "spec/unit/endpoint/repos_spec.rb": 0.03070688247680664,
  "spec/unit/endpoint/requests/throttle_spec.rb": 0.21187639236450195,
  "spec/unit/endpoint/users_spec.rb": 0.05418586730957031,
  "spec/unit/endpoint_spec.rb": 0.03097677230834961,
  "spec/unit/extensions/expose_pattern_spec.rb": 0.008030891418457031,
  "spec/unit/extensions/scoping_spec.rb": 0.07901239395141602,
  "spec/unit/extensions/smart_constants_spec.rb": 0.007992982864379883,
  "spec/unit/extensions/subclass_tracker_spec.rb": 0.01314401626586914,
  "spec/unit/helpers/accept_spec.rb": 0.03437638282775879,
  "spec/unit/middleware/logging_spec.rb": 0.007082223892211914,
  "spec/unit/middleware/scope_check_spec.rb": 0.08207321166992188,
  "spec/unit/middleware/user_agent_tracker_spec.rb": 0.06342554092407227,
  "spec/unit/model/build_spec.rb": 0.015084028244018555,
  "spec/unit/model/job_spec.rb": 0.08691573143005371,
  "spec/unit/responders/json_spec.rb": 0.014480113983154297,
  "spec/unit/responders/service_spec.rb": 0.003619670867919922,
  "spec/unit/serialize/v2/http/accounts_spec.rb": 0.0036041736602783203,
  "spec/unit/serialize/v2/http/annotations_spec.rb": 0.006439924240112305,
  "spec/unit/serialize/v2/http/branch_spec.rb": 0.011235952377319336,
  "spec/unit/serialize/v2/http/branches_spec.rb": 0.011010169982910156,
  "spec/unit/serialize/v2/http/broadcasts_spec.rb": 0.002518177032470703,
  "spec/unit/serialize/v2/http/build_spec.rb": 0.14385199546813965,
  "spec/unit/serialize/v2/http/builds_spec.rb": 0.29174327850341797,
  "spec/unit/serialize/v2/http/caches_spec.rb": 0.003042936325073242,
  "spec/unit/serialize/v2/http/env_var_spec.rb": 0.007014036178588867,
  "spec/unit/serialize/v2/http/hooks_spec.rb": 0.006058931350708008,
  "spec/unit/serialize/v2/http/job_spec.rb": 0.1285083293914795,
  "spec/unit/serialize/v2/http/jobs_spec.rb": 0.29912781715393066,
  "spec/unit/serialize/v2/http/permissions_spec.rb": 0.013921499252319336,
  "spec/unit/serialize/v2/http/repositories_spec.rb": 0.03030991554260254,
  "spec/unit/serialize/v2/http/repository_spec.rb": 0.012346744537353516,
  "spec/unit/serialize/v2/http/request_spec.rb": 0.02387404441833496,